y,x,mass,size,ecc,signal,raw_mass,ep,frame,t,True_particle,vial
42.0,3.15,101,4610,0.515,10.05,101,0.0,0,0.0,False,0.0
57.15,3.09,164,4610,0.478,16.87,164,0.0,0,0.0,False,0.0
68.99,3.04,184,4610,0.511,17.59,184,0.0,0,0.0,False,0.0
87.9,3.08,136,4610,0.48,13.64,136,0.0,0,0.0,False,0.0
101.88,3.01,105,4610,0.453,10.41,105,0.1,0,0.0,False,0.0
320.8,96.74,903,4610,0.386,77.54,903,0.0,0,0.0,True,1.0
335.99,70.9,694,4610,0.363,59.95,694,0.0,0,0.0,True,1.0
350.21,96.49,813,4610,0.29,75.02,813,0.0,0,0.0,True,1.0
360.73,72.67,836,4610,0.483,77.54,836,0.0,0,0.0,True,1.0
364.14,85.53,822,4610,0.487,90.82,822,0.0,0,0.0,True,1.0
363.71,94.8,866,4610,0.244,91.54,866,0.0,0,0.0,True,1.0
363.7,86.45,882,4610,0.417,71.23,882,0.0,1,0.033,True,1.0
360.88,70.66,807,4610,0.397,94.11,807,0.0,1,0.033,True,1.0
346.35,97.14,752,4610,0.323,78.61,752,0.0,1,0.033,True,1.0
319.32,97.0,830,4610,0.337,81.93,830,0.0,1,0.033,True,1.0
233.0,53.16,102,4610,0.484,8.86,102,0.0,1,0.033,False,0.0
215.08,53.26,112,4610,0.423,10.33,112,0.0,1,0.033,False,0.0
199.96,53.71,108,4610,0.44,9.6,108,0.0,1,0.033,False,0.0
253.03,53.15,128,4610,0.419,12.18,128,0.0,1,0.033,False,0.0
318.97,97.04,884,4610,0.359,83.07,884,0.0,2,0.067,True,1.0
343.05,97.11,804,4610,0.359,77.14,804,0.0,2,0.067,True,1.0
360.79,69.68,800,4610,0.272,100.87,800,0.0,2,0.067,True,1.0
363.71,86.38,952,4610,0.447,73.58,952,0.0,2,0.067,True,1.0
360.65,67.86,743,4610,0.342,85.39,743,0.0,3,0.1,True,1.0
363.04,96.72,674,4610,0.427,73.34,674,0.0,3,0.1,True,1.0
363.35,87.94,1209,4610,0.228,77.59,1209,0.0,3,0.1,True,1.0
317.99,97.09,750,4610,0.159,90.35,750,0.0,3,0.1,True,1.0
339.16,96.95,823,4610,0.348,80.43,823,0.0,3,0.1,True,1.0
86.99,3.08,138,4610,0.504,13.46,138,0.0,3,0.1,False,0.0
100.94,3.01,106,4610,0.491,9.92,106,0.0,3,0.1,False,0.0
74.03,3.08,156,4610,0.488,15.59,156,0.0,3,0.1,False,0.0
57.06,3.09,127,4610,0.481,13.11,127,0.0,3,0.1,False,0.0
41.99,3.16,100,4610,0.508,10.28,100,0.0,3,0.1,False,0.0
363.3,87.92,1221,4610,0.248,75.61,1221,0.0,4,0.133,True,1.0
360.99,65.67,701,4610,0.561,68.18,701,0.0,4,0.133,True,1.0
363.03,96.37,716,4610,0.46,74.6,716,0.0,4,0.133,True,1.0
316.99,97.96,686,4610,0.129,86.07,686,0.0,4,0.133,True,1.0
335.05,97.37,809,4610,0.31,79.32,809,0.0,4,0.133,True,1.0
315.24,97.89,729,4610,0.119,88.96,729,0.0,5,0.167,True,1.0
331.12,97.12,795,4610,0.337,79.89,795,0.0,5,0.167,True,1.0
360.61,61.56,561,4610,0.544,58.96,561,0.0,5,0.167,True,1.0
363.29,82.15,817,4610,0.508,87.57,817,0.0,5,0.167,True,1.0
363.11,96.2,786,4610,0.463,75.71,786,0.0,5,0.167,True,1.0
360.18,56.29,657,4610,0.52,72.11,657,0.0,6,0.2,True,1.0
363.07,79.51,858,4610,0.498,97.17,858,0.0,6,0.2,True,1.0
362.43,88.41,857,4610,0.342,84.83,857,0.0,6,0.2,True,1.0
327.21,97.29,682,4610,0.324,70.56,682,0.0,6,0.2,True,1.0
57.37,2.99,102,4610,0.398,11.95,102,0.0,6,0.2,False,0.0
89.04,2.94,119,4610,0.414,12.34,119,0.0,6,0.2,False,0.0
72.03,3.04,113,4610,0.493,11.18,113,0.0,6,0.2,False,0.0
313.9,97.07,776,4610,0.093,98.33,776,0.0,6,0.2,True,1.0
266.07,52.13,102,4610,0.26,12.56,102,0.0,7,0.233,False,0.0
312.05,96.86,881,4610,0.102,103.29,881,0.0,7,0.233,True,1.0
324.79,97.94,796,4610,0.36,77.77,796,0.0,7,0.233,True,1.0
360.63,54.61,598,4610,0.358,72.91,598,0.0,7,0.233,True,1.0
362.49,88.08,912,4610,0.307,85.46,912,0.0,7,0.233,True,1.0
363.25,79.18,879,4610,0.486,93.97,879,0.0,7,0.233,True,1.0
363.26,78.88,881,4610,0.443,97.57,881,0.0,8,0.267,True,1.0
362.24,87.07,884,4610,0.458,80.53,884,0.0,8,0.267,True,1.0
311.65,95.79,899,4610,0.241,98.73,899,0.0,8,0.267,True,1.0
321.89,97.93,808,4610,0.369,76.27,808,0.0,8,0.267,True,1.0
57.3,3.13,104,4610,0.419,12.42,104,0.0,9,0.3,False,0.0
72.95,3.08,115,4610,0.504,11.18,115,0.0,9,0.3,False,0.0
89.0,2.92,111,4610,0.407,11.59,111,0.0,9,0.3,False,0.0
310.75,94.84,972,4610,0.261,105.58,972,0.0,9,0.3,True,1.0
362.11,86.08,903,4610,0.537,82.39,903,0.0,9,0.3,True,1.0
266.1,52.14,100,4610,0.227,12.46,100,0.0,10,0.333,False,0.0
309.72,93.73,888,4610,0.325,99.27,888,0.0,10,0.333,True,1.0
362.1,85.51,787,4610,0.499,81.36,787,0.0,10,0.333,True,1.0
308.91,92.15,959,4610,0.263,102.91,959,0.0,11,0.367,True,1.0
362.06,85.37,818,4610,0.526,82.33,818,0.0,11,0.367,True,1.0
362.0,87.79,975,4610,0.507,86.38,975,0.0,12,0.4,True,1.0
363.27,78.74,630,4610,0.302,92.55,630,0.0,12,0.4,True,1.0
57.35,3.05,101,4610,0.411,11.98,101,0.0,12,0.4,False,0.0
72.04,3.07,114,4610,0.497,11.25,114,0.0,12,0.4,False,0.0
308.28,90.96,1011,4610,0.399,87.83,1011,0.0,12,0.4,True,1.0
266.06,52.14,102,4610,0.214,12.12,102,0.0,13,0.433,False,0.0
303.23,97.97,868,4610,0.332,84.14,868,0.0,13,0.433,True,1.0
308.03,89.98,1026,4610,0.41,93.69,1026,0.0,13,0.433,True,1.0
362.13,86.77,1078,4610,0.377,87.08,1078,0.0,13,0.433,True,1.0
362.13,85.87,1050,4610,0.337,85.13,1050,0.0,14,0.467,True,1.0
299.84,97.83,926,4610,0.349,81.56,926,0.0,14,0.467,True,1.0
307.82,89.14,1043,4610,0.441,90.86,1043,0.0,14,0.467,True,1.0
322.14,74.15,670,4610,0.304,70.13,670,0.0,15,0.5,True,1.0
362.11,85.66,1068,4610,0.283,84.95,1068,0.0,15,0.5,True,1.0
296.73,97.69,882,4610,0.328,79.17,882,0.0,15,0.5,True,1.0
307.85,88.97,1048,4610,0.451,92.18,1048,0.0,15,0.5,True,1.0
362.04,85.57,1011,4610,0.337,81.55,1011,0.0,16,0.533,True,1.0
307.96,89.55,998,4610,0.444,91.25,998,0.0,16,0.533,True,1.0
290.81,55.95,634,4610,0.334,58.2,634,0.0,16,0.533,True,1.0
293.42,97.82,759,4610,0.329,78.32,759,0.0,16,0.533,True,1.0
265.83,52.5,113,4610,0.308,12.91,113,0.0,17,0.567,False,0.0
289.6,97.74,825,4610,0.341,76.01,825,0.0,17,0.567,True,1.0
307.82,89.14,1055,4610,0.442,91.43,1055,0.0,17,0.567,True,1.0
362.16,84.94,1079,4610,0.429,80.67,1079,0.0,17,0.567,True,1.0
236.68,67.1,496,4610,0.11,36.55,496,0.0,18,0.6,True,1.0
283.48,97.46,783,4610,0.241,78.06,783,0.0,18,0.6,True,1.0
307.83,88.99,1049,4610,0.464,90.48,1049,0.0,18,0.6,True,1.0
362.15,84.95,1075,4610,0.431,80.9,1075,0.0,18,0.6,True,1.0
307.29,89.87,1071,4610,0.487,89.08,1071,0.0,19,0.633,True,1.0
362.08,84.85,1075,4610,0.392,82.79,1075,0.0,19,0.633,True,1.0
208.21,79.07,609,4610,0.321,48.91,609,0.0,19,0.633,True,1.0
279.15,97.94,914,4610,0.375,82.44,914,0.0,19,0.633,True,1.0
362.15,83.95,1070,4610,0.45,82.99,1070,0.0,20,0.667,True,1.0
208.91,66.65,699,4610,0.236,79.5,699,0.0,20,0.667,True,1.0
275.04,97.54,839,4610,0.26,75.31,839,0.0,20,0.667,True,1.0
307.26,89.87,1080,4610,0.497,88.91,1080,0.0,20,0.667,True,1.0
361.78,30.86,124,4610,0.311,15.34,124,0.0,20,0.667,False,0.0
307.15,90.41,946,4610,0.502,88.86,946,0.0,21,0.7,True,1.0
361.78,30.86,124,4610,0.311,15.33,124,0.0,21,0.7,False,0.0
215.96,61.83,832,4610,0.334,72.48,832,0.0,21,0.7,True,1.0
271.08,97.86,865,4610,0.372,77.71,865,0.0,21,0.7,True,1.0
362.18,82.99,1034,4610,0.479,80.49,1034,0.0,21,0.7,True,1.0
362.07,83.03,887,4610,0.59,74.15,887,0.0,22,0.733,True,1.0
361.77,31.02,123,4610,0.311,15.59,123,0.0,22,0.733,False,0.0
307.64,88.57,912,4610,0.477,88.36,912,0.0,22,0.733,True,1.0
267.02,97.89,878,4610,0.373,79.35,878,0.0,22,0.733,True,1.0
215.39,62.61,780,4610,0.404,75.19,780,0.0,22,0.733,True,1.0
215.39,62.61,781,4610,0.404,75.24,781,0.0,23,0.767,True,1.0
262.82,97.79,864,4610,0.373,74.88,864,0.0,23,0.767,True,1.0
307.98,88.39,1004,4610,0.532,91.0,1004,0.0,23,0.767,True,1.0
361.76,31.12,114,4610,0.28,15.41,114,0.0,23,0.767,False,0.0
362.29,76.01,917,4610,0.485,86.35,917,0.0,23,0.767,True,1.0
361.59,84.1,818,4610,0.458,82.05,818,0.0,23,0.767,True,1.0
361.76,31.23,112,4610,0.258,15.4,112,0.0,24,0.8,False,0.0
361.42,73.39,789,4610,0.462,80.41,789,0.0,24,0.8,True,1.0
361.73,83.28,836,4610,0.465,87.25,836,0.0,24,0.8,True,1.0
258.06,97.54,768,4610,0.264,68.43,768,0.0,24,0.8,True,1.0
215.98,62.11,896,4610,0.343,78.01,896,0.0,24,0.8,True,1.0
308.0,88.8,1024,4610,0.509,84.86,1024,0.0,24,0.8,True,1.0
361.77,31.4,118,4610,0.252,15.8,118,0.0,25,0.833,False,0.0
361.04,72.21,913,4610,0.491,86.4,913,0.0,25,0.833,True,1.0
361.74,83.23,866,4610,0.443,89.56,866,0.0,25,0.833,True,1.0
254.67,97.74,803,4610,0.364,72.7,803,0.0,25,0.833,True,1.0
215.39,62.61,780,4610,0.404,75.16,780,0.0,25,0.833,True,1.0
308.72,87.57,873,4610,0.494,87.1,873,0.0,25,0.833,True,1.0
215.38,62.61,784,4610,0.404,75.15,784,0.0,26,0.867,True,1.0
250.79,97.73,822,4610,0.358,73.03,822,0.0,26,0.867,True,1.0
308.82,87.49,897,4610,0.508,87.14,897,0.0,26,0.867,True,1.0
347.3,29.33,145,4610,0.185,12.7,145,0.0,26,0.867,False,0.0
360.3,70.15,851,4610,0.436,84.32,851,0.0,26,0.867,True,1.0
361.59,82.45,810,4610,0.392,89.97,810,0.0,26,0.867,True,1.0
361.34,82.54,667,4610,0.293,85.18,667,0.0,27,0.9,True,1.0
359.82,67.91,886,4610,0.465,84.5,886,0.0,27,0.9,True,1.0
246.52,97.34,748,4610,0.262,77.66,748,0.0,27,0.9,True,1.0
215.37,62.61,786,4610,0.404,75.26,786,0.0,27,0.9,True,1.0
308.93,87.38,933,4610,0.513,86.89,933,0.0,27,0.9,True,1.0
215.37,62.61,786,4610,0.404,75.16,786,0.0,28,0.933,True,1.0
243.42,97.15,743,4610,0.317,76.83,743,0.0,28,0.933,True,1.0
308.02,89.55,889,4610,0.47,83.15,889,0.0,28,0.933,True,1.0
359.45,65.94,788,4610,0.358,76.16,788,0.0,28,0.933,True,1.0
361.57,82.27,606,4610,0.185,84.81,606,0.0,28,0.933,True,1.0
367.08,65.95,269,4610,0.529,30.45,269,0.0,29,0.967,True,1.0
359.15,64.42,738,4610,0.533,68.51,738,0.0,29,0.967,True,1.0
361.56,82.11,641,4610,0.177,88.24,641,0.0,29,0.967,True,1.0
241.35,96.99,758,4610,0.324,77.51,758,0.0,29,0.967,True,1.0
214.47,62.84,860,4610,0.367,79.59,860,0.0,29,0.967,True,1.0
309.0,88.28,952,4610,0.499,85.81,952,0.0,29,0.967,True,1.0
213.08,64.25,912,4610,0.33,80.98,912,0.0,30,1.0,True,1.0
240.03,96.89,826,4610,0.369,78.15,826,0.0,30,1.0,True,1.0
309.1,88.39,931,4610,0.468,81.69,931,0.0,30,1.0,True,1.0
358.95,63.52,666,4610,0.528,68.96,666,0.0,30,1.0,True,1.0
361.57,81.97,688,4610,0.187,90.18,688,0.0,30,1.0,True,1.0
360.92,82.01,465,4610,0.034,62.56,465,0.0,31,1.033,True,1.0
210.13,65.96,905,4610,0.386,79.57,905,0.0,31,1.033,True,1.0
237.6,96.8,759,4610,0.37,73.79,759,0.0,31,1.033,True,1.0
308.04,90.44,851,4610,0.442,81.81,851,0.0,31,1.033,True,1.0
358.92,63.06,803,4610,0.507,76.36,803,0.0,31,1.033,True,1.0
367.06,65.29,247,4610,0.519,31.12,247,0.0,31,1.033,True,1.0
367.07,65.03,233,4610,0.504,31.73,233,0.0,32,1.067,True,1.0
309.11,76.59,611,4610,0.229,59.12,611,0.0,32,1.067,True,1.0
358.89,62.81,814,4610,0.5,76.49,814,0.0,32,1.067,True,1.0
233.25,96.14,831,4610,0.321,85.17,831,0.0,32,1.067,True,1.0
206.28,68.83,864,4610,0.391,80.16,864,0.0,32,1.067,True,1.0
308.04,90.44,850,4610,0.442,81.83,850,0.0,32,1.067,True,1.0
203.89,70.21,868,4610,0.393,77.95,868,0.0,33,1.1,True,1.0
230.84,95.99,865,4610,0.38,80.88,865,0.0,33,1.1,True,1.0
264.91,70.57,680,4610,0.267,67.24,680,0.0,33,1.1,True,1.0
308.96,89.12,996,4610,0.504,82.83,996,0.0,33,1.1,True,1.0
358.81,62.41,784,4610,0.451,77.63,784,0.0,33,1.1,True,1.0
367.07,64.96,240,4610,0.511,32.48,240,0.0,33,1.1,True,1.0
358.93,62.81,828,4610,0.496,77.52,828,0.0,34,1.133,True,1.0
308.11,90.56,887,4610,0.462,83.77,887,0.0,34,1.133,True,1.0
367.08,64.97,240,4610,0.515,32.19,240,0.0,34,1.133,True,1.0
226.86,95.85,864,4610,0.403,77.85,864,0.0,34,1.133,True,1.0
199.29,73.02,882,4610,0.374,79.49,882,0.0,34,1.133,True,1.0
230.84,65.79,698,4610,0.392,63.4,698,0.0,34,1.133,True,1.0
358.9,62.78,826,4610,0.483,79.44,826,0.0,35,1.167,True,1.0
308.17,89.99,1047,4610,0.41,87.31,1047,0.0,35,1.167,True,1.0
367.03,64.81,222,4610,0.496,31.16,222,0.0,35,1.167,True,1.0
197.02,74.18,829,4610,0.365,77.04,829,0.0,35,1.167,True,1.0
222.27,95.42,805,4610,0.312,77.04,805,0.0,35,1.167,True,1.0
211.95,60.94,681,4610,0.402,61.63,681,0.0,35,1.167,True,1.0
194.79,75.06,807,4610,0.362,76.73,807,0.0,36,1.2,True,1.0
211.31,57.64,640,4610,0.247,66.25,640,0.0,36,1.2,True,1.0
218.25,95.25,803,4610,0.358,79.35,803,0.0,36,1.2,True,1.0
308.14,89.92,1050,4610,0.351,95.45,1050,0.0,36,1.2,True,1.0
358.76,62.14,844,4610,0.46,79.72,844,0.0,36,1.2,True,1.0
367.03,64.74,210,4610,0.501,30.32,210,0.0,36,1.2,True,1.0
367.03,64.68,201,4610,0.5,29.38,201,0.0,37,1.233,False,0.0
308.17,90.06,1094,4610,0.361,97.28,1094,0.0,37,1.233,True,1.0
358.88,62.55,805,4610,0.487,80.5,805,0.0,37,1.233,True,1.0
215.06,95.0,864,4610,0.384,79.35,864,0.0,37,1.233,True,1.0
191.06,77.29,801,4610,0.363,71.72,801,0.0,37,1.233,True,1.0
211.31,57.64,641,4610,0.247,66.38,641,0.0,37,1.233,True,1.0
187.17,79.82,776,4610,0.386,71.27,776,0.0,38,1.267,True,1.0
210.41,57.55,602,4610,0.315,68.42,602,0.0,38,1.267,True,1.0
211.84,94.89,763,4610,0.398,69.49,763,0.0,38,1.267,True,1.0
286.98,30.75,104,4610,0.383,8.55,104,0.0,38,1.267,False,0.0
309.81,90.67,1063,4610,0.317,90.87,1063,0.0,38,1.267,True,1.0
358.88,62.55,806,4610,0.487,80.54,806,0.0,38,1.267,True,1.0
367.03,64.67,200,4610,0.501,29.22,200,0.0,38,1.267,False,0.0
310.74,91.76,985,4610,0.391,91.03,985,0.0,39,1.3,True,1.0
284.9,30.75,101,4610,0.361,8.6,101,0.0,39,1.3,False,0.0
356.32,60.8,681,4610,0.33,59.49,681,0.0,39,1.3,True,1.0
206.1,94.05,785,4610,0.39,71.67,785,0.0,39,1.3,True,1.0
185.09,81.31,763,4610,0.35,67.37,763,0.0,39,1.3,True,1.0
208.38,57.34,788,4610,0.309,72.03,788,0.0,39,1.3,True,1.0
182.02,83.84,799,4610,0.383,69.27,799,0.0,40,1.333,True,1.0
201.44,93.41,727,4610,0.303,74.54,727,0.0,40,1.333,True,1.0
205.29,57.67,831,4610,0.363,69.64,831,0.0,40,1.333,True,1.0
310.94,93.05,1003,4610,0.374,95.62,1003,0.0,40,1.333,True,1.0
310.74,94.33,945,4610,0.368,92.46,945,0.0,41,1.367,True,1.0
202.42,57.69,828,4610,0.343,72.88,828,0.0,41,1.367,True,1.0
198.06,93.11,857,4610,0.389,79.05,857,0.0,41,1.367,True,1.0
179.79,85.94,808,4610,0.378,73.61,808,0.0,41,1.367,True,1.0
177.93,88.33,825,4610,0.383,78.62,825,0.0,42,1.4,True,1.0
195.65,92.82,835,4610,0.402,76.73,835,0.0,42,1.4,True,1.0
200.79,57.07,837,4610,0.345,76.35,837,0.0,42,1.4,True,1.0
310.9,95.44,830,4610,0.338,96.38,830,0.0,42,1.4,True,1.0
311.16,96.41,781,4610,0.244,94.58,781,0.0,43,1.433,True,1.0
198.77,57.06,816,4610,0.357,73.07,816,0.0,43,1.433,True,1.0
176.11,90.03,849,4610,0.361,85.31,849,0.0,43,1.433,True,1.0
191.81,92.11,892,4610,0.399,81.6,892,0.0,43,1.433,True,1.0
174.88,91.84,829,4610,0.319,82.92,829,0.0,44,1.467,True,1.0
187.1,91.21,889,4610,0.405,77.76,889,0.0,44,1.467,True,1.0
196.99,57.08,842,4610,0.381,71.91,842,0.0,44,1.467,True,1.0
311.53,97.1,653,4610,0.092,87.74,653,0.0,44,1.467,True,1.0
173.25,93.13,827,4610,0.239,89.03,827,0.0,45,1.5,True,1.0
183.9,91.01,884,4610,0.389,83.79,884,0.0,45,1.5,True,1.0
196.91,57.08,829,4610,0.371,72.27,829,0.0,45,1.5,True,1.0
311.34,97.69,624,4610,0.087,81.69,624,0.0,45,1.5,True,1.0
172.29,94.31,732,4610,0.158,82.97,732,0.0,46,1.533,True,1.0
180.03,90.78,908,4610,0.381,81.02,908,0.0,46,1.533,True,1.0
196.91,57.08,830,4610,0.371,72.23,830,0.0,46,1.533,True,1.0
311.28,97.91,559,4610,0.046,80.69,559,0.0,46,1.533,True,1.0
310.68,97.89,532,4610,0.063,80.07,532,0.0,47,1.567,True,1.0
171.39,94.9,662,4610,0.212,81.67,662,0.0,47,1.567,True,1.0
196.91,57.08,829,4610,0.371,72.06,829,0.0,47,1.567,True,1.0
170.76,95.4,680,4610,0.191,87.36,680,0.0,48,1.6,True,1.0
196.93,57.08,831,4610,0.378,71.6,831,0.0,48,1.6,True,1.0
309.51,97.2,604,4610,0.047,84.96,604,0.0,48,1.6,True,1.0
342.22,29.57,106,4610,0.039,7.19,106,0.0,48,1.6,False,0.0
170.99,89.66,884,4610,0.326,79.91,884,0.0,49,1.633,True,1.0
196.91,57.08,829,4610,0.371,72.03,829,0.0,49,1.633,True,1.0
308.16,96.62,728,4610,0.089,91.38,728,0.0,49,1.633,True,1.0
306.89,95.84,735,4610,0.11,100.31,735,0.0,50,1.667,True,1.0
166.99,89.07,872,4610,0.405,76.31,872,0.0,50,1.667,True,1.0
196.93,57.08,830,4610,0.378,71.59,830,0.0,50,1.667,True,1.0
306.23,94.9,763,4610,0.129,102.1,763,0.0,51,1.7,True,1.0
196.86,57.07,820,4610,0.361,72.87,820,0.0,51,1.7,True,1.0
164.72,89.01,831,4610,0.376,79.28,831,0.0,51,1.7,True,1.0
167.99,97.22,641,4610,0.089,80.08,641,0.0,51,1.7,True,1.0
161.61,88.88,782,4610,0.369,77.85,782,0.0,52,1.733,True,1.0
167.04,97.53,616,4610,0.022,72.93,616,0.0,52,1.733,True,1.0
196.79,57.07,809,4610,0.341,74.16,809,0.0,52,1.733,True,1.0
305.91,94.26,828,4610,0.166,104.49,828,0.0,52,1.733,True,1.0
360.73,53.09,144,4610,0.19,23.36,144,0.0,52,1.733,False,0.0
156.29,88.17,812,4610,0.363,74.98,812,0.0,53,1.767,True,1.0
166.19,97.64,616,4610,0.067,73.78,616,0.0,53,1.767,True,1.0
194.2,55.81,723,4610,0.346,56.63,723,0.0,53,1.767,True,1.0
305.91,93.53,814,4610,0.207,101.7,814,0.0,53,1.767,True,1.0
351.93,29.73,108,4610,0.2,7.18,108,0.0,53,1.767,False,0.0
360.76,53.17,197,4610,0.189,33.1,197,0.0,53,1.767,True,1.0
164.9,97.99,647,4610,0.171,78.67,647,0.0,54,1.8,True,1.0
360.78,53.2,253,4610,0.194,42.73,253,0.0,54,1.8,True,1.0
306.8,92.19,834,4610,0.288,101.83,834,0.0,54,1.8,True,1.0
153.04,88.04,888,4610,0.396,77.07,888,0.0,54,1.8,True,1.0
192.97,55.0,724,4610,0.259,68.28,724,0.0,54,1.8,True,1.0
149.93,87.83,872,4610,0.39,78.07,872,0.0,55,1.833,True,1.0
163.1,97.89,705,4610,0.142,80.45,705,0.0,55,1.833,True,1.0
191.63,54.66,509,4610,0.237,50.73,509,0.0,55,1.833,True,1.0
308.0,90.77,876,4610,0.288,101.06,876,0.0,55,1.833,True,1.0
360.7,53.51,357,4610,0.221,52.71,357,0.0,55,1.833,True,1.0
309.75,88.59,919,4610,0.426,90.93,919,0.0,56,1.867,True,1.0
145.7,87.86,833,4610,0.367,78.05,833,0.0,56,1.867,True,1.0
160.34,97.8,815,4610,0.187,79.84,815,0.0,56,1.867,True,1.0
190.19,54.38,312,4610,0.197,39.74,312,0.0,56,1.867,True,1.0
360.61,53.5,371,4610,0.191,52.63,371,0.0,56,1.867,True,1.0
360.42,53.52,378,4610,0.225,55.26,378,0.0,57,1.9,True,1.0
310.76,87.14,952,4610,0.406,91.14,952,0.0,57,1.9,True,1.0
141.78,87.92,877,4610,0.372,80.37,877,0.0,57,1.9,True,1.0
157.24,97.25,870,4610,0.275,80.37,870,0.0,57,1.9,True,1.0
136.94,88.16,920,4610,0.4,79.82,920,0.0,58,1.933,True,1.0
153.91,96.89,974,4610,0.349,78.44,974,0.0,58,1.933,True,1.0
312.36,85.08,991,4610,0.383,87.73,991,0.0,58,1.933,True,1.0
360.83,53.67,375,4610,0.297,58.83,375,0.0,58,1.933,True,1.0
133.64,88.64,809,4610,0.329,74.36,809,0.0,59,1.967,True,1.0
150.15,95.8,959,4610,0.327,76.7,959,0.0,59,1.967,True,1.0
313.07,83.46,887,4610,0.442,84.7,887,0.0,59,1.967,True,1.0
360.95,53.55,314,4610,0.323,51.35,314,0.0,59,1.967,True,1.0
314.67,80.25,885,4610,0.459,79.88,885,0.0,60,2.0,True,1.0
360.93,53.54,323,4610,0.335,52.28,323,0.0,60,2.0,True,1.0
148.75,95.83,963,4610,0.358,82.16,963,0.0,60,2.0,True,1.0
128.78,88.99,895,4610,0.367,82.81,895,0.0,60,2.0,True,1.0
124.66,88.99,871,4610,0.355,83.06,871,0.0,61,2.033,True,1.0
145.0,94.97,1039,4610,0.384,82.41,1039,0.0,61,2.033,True,1.0
315.53,77.48,819,4610,0.44,80.45,819,0.0,61,2.033,True,1.0
360.92,53.55,335,4610,0.349,53.42,335,0.0,61,2.033,True,1.0
119.86,89.09,871,4610,0.398,75.73,871,0.0,62,2.067,True,1.0
141.19,94.21,993,4610,0.366,82.53,993,0.0,62,2.067,True,1.0
316.61,75.41,818,4610,0.474,78.65,818,0.0,62,2.067,True,1.0
344.26,53.63,432,4610,0.158,59.55,432,0.0,62,2.067,True,1.0
360.91,53.51,327,4610,0.342,52.11,327,0.0,62,2.067,True,1.0
360.9,53.49,320,4610,0.342,50.27,320,0.0,63,2.1,True,1.0
316.99,73.93,962,4610,0.501,79.34,962,0.0,63,2.1,True,1.0
345.37,54.47,665,4610,0.302,72.5,665,0.0,63,2.1,True,1.0
114.36,89.06,836,4610,0.365,77.97,836,0.0,63,2.1,True,1.0
138.67,93.79,953,4610,0.331,87.21,953,0.0,63,2.1,True,1.0
111.76,89.0,889,4610,0.369,81.63,889,0.0,64,2.133,True,1.0
134.79,93.06,997,4610,0.371,82.93,997,0.0,64,2.133,True,1.0
318.88,71.37,877,4610,0.493,81.95,877,0.0,64,2.133,True,1.0
346.43,55.24,693,4610,0.382,60.49,693,0.0,64,2.133,True,1.0
360.89,53.45,309,4610,0.341,48.13,309,0.0,64,2.133,True,1.0
360.88,53.42,302,4610,0.294,46.82,302,0.0,65,2.167,True,1.0
106.91,89.12,906,4610,0.409,77.5,906,0.0,65,2.167,True,1.0
128.44,92.33,925,4610,0.298,82.34,925,0.0,65,2.167,True,1.0
319.17,70.99,790,4610,0.35,76.2,790,0.0,65,2.167,True,1.0
347.03,56.32,680,4610,0.55,61.35,680,0.0,65,2.167,True,1.0
360.86,53.39,292,4610,0.279,45.63,292,0.0,66,2.2,True,1.0
347.43,60.62,721,4610,0.425,66.99,721,0.0,66,2.2,True,1.0
125.78,92.03,1040,4610,0.376,92.34,1040,0.0,66,2.2,True,1.0
102.97,89.64,889,4610,0.376,73.15,889,0.0,66,2.2,True,1.0
323.55,69.16,691,4610,0.302,78.58,691,0.0,66,2.2,True,1.0
360.84,53.36,283,4610,0.259,44.17,283,0.0,67,2.233,True,1.0
98.86,89.99,916,4610,0.397,80.97,916,0.0,67,2.233,True,1.0
121.2,91.38,988,4610,0.313,79.69,988,0.0,67,2.233,True,1.0
324.73,69.22,795,4610,0.352,81.61,795,0.0,67,2.233,True,1.0
347.75,62.01,872,4610,0.514,72.97,872,0.0,67,2.233,True,1.0
324.26,70.0,877,4610,0.384,81.69,877,0.0,68,2.267,True,1.0
347.88,64.1,864,4610,0.563,74.57,864,0.0,68,2.267,True,1.0
94.1,90.2,858,4610,0.39,77.62,858,0.0,68,2.267,True,1.0
118.91,90.93,1004,4610,0.388,86.43,1004,0.0,68,2.267,True,1.0
360.84,53.36,283,4610,0.258,44.4,283,0.0,68,2.267,True,1.0
347.7,65.24,858,4610,0.489,73.49,858,0.0,69,2.3,True,1.0
326.01,69.8,954,4610,0.404,81.1,954,0.0,69,2.3,True,1.0
113.57,89.96,851,4610,0.32,84.41,851,0.0,69,2.3,True,1.0
93.92,91.18,848,4610,0.398,76.13,848,0.0,69,2.3,True,1.0
93.71,91.94,790,4610,0.365,76.29,790,0.0,70,2.333,True,1.0
111.12,89.25,978,4610,0.366,82.43,978,0.0,70,2.333,True,1.0
326.25,69.79,888,4610,0.376,80.81,888,0.0,70,2.333,True,1.0
347.35,68.04,881,4610,0.454,76.29,881,0.0,70,2.333,True,1.0
93.21,92.82,780,4610,0.359,75.31,780,0.0,71,2.367,True,1.0
108.78,88.75,957,4610,0.334,84.76,957,0.0,71,2.367,True,1.0
330.45,69.12,842,4610,0.341,85.78,842,0.0,71,2.367,True,1.0
346.27,69.77,815,4610,0.469,78.69,815,0.0,71,2.367,True,1.0
332.51,68.98,880,4610,0.351,86.08,880,0.0,72,2.4,True,1.0
345.78,70.45,683,4610,0.43,72.58,683,0.0,72,2.4,True,1.0
94.31,93.58,693,4610,0.275,70.89,693,0.0,72,2.4,True,1.0
105.01,88.1,1000,4610,0.383,85.74,1000,0.0,72,2.4,True,1.0
96.19,94.73,612,4610,0.264,72.19,612,0.0,73,2.433,True,1.0
101.42,87.08,897,4610,0.362,81.86,897,0.0,73,2.433,True,1.0
333.0,69.18,944,4610,0.385,82.18,944,0.0,73,2.433,True,1.0
344.12,73.1,784,4610,0.451,71.22,784,0.0,73,2.433,True,1.0
95.11,94.52,659,4610,0.247,66.13,659,0.0,74,2.467,True,1.0
101.07,87.17,1015,4610,0.357,83.9,1015,0.0,74,2.467,True,1.0
335.96,70.03,994,4610,0.419,83.24,994,0.0,74,2.467,True,1.0
342.99,74.79,825,4610,0.463,76.66,825,0.0,74,2.467,True,1.0
336.01,69.99,1001,4610,0.417,84.1,1001,0.0,75,2.5,True,1.0
95.93,94.7,676,4610,0.267,72.54,676,0.0,75,2.5,True,1.0
100.01,86.97,1044,4610,0.382,89.36,1044,0.0,75,2.5,True,1.0
341.43,77.51,765,4610,0.413,78.62,765,0.0,76,2.533,True,1.0
336.78,70.06,968,4610,0.396,85.09,968,0.0,76,2.533,True,1.0
95.3,94.76,650,4610,0.297,74.2,650,0.0,76,2.533,True,1.0
99.79,86.98,987,4610,0.369,86.79,987,0.0,76,2.533,True,1.0
95.48,94.83,640,4610,0.283,73.11,640,0.0,77,2.567,True,1.0
99.82,86.93,1003,4610,0.373,87.53,1003,0.0,77,2.567,True,1.0
336.78,70.06,969,4610,0.398,85.12,969,0.0,77,2.567,True,1.0
340.23,78.61,796,4610,0.377,78.6,796,0.0,77,2.567,True,1.0
95.9,94.77,686,4610,0.252,75.66,686,0.0,78,2.6,True,1.0
99.86,86.88,1019,4610,0.378,88.09,1019,0.0,78,2.6,True,1.0
336.78,70.07,968,4610,0.397,84.98,968,0.0,78,2.6,True,1.0
339.15,79.28,870,4610,0.322,81.53,870,0.0,78,2.6,True,1.0
337.0,80.03,873,4610,0.364,83.91,873,0.0,79,2.633,True,1.0
336.78,70.07,972,4610,0.395,84.6,972,0.0,79,2.633,True,1.0
99.85,86.88,1024,4610,0.378,88.42,1024,0.0,79,2.633,True,1.0
96.2,95.49,676,4610,0.259,68.65,676,0.0,79,2.633,True,1.0
97.24,96.05,661,4610,0.274,73.41,661,0.0,80,2.667,True,1.0
99.86,86.91,989,4610,0.377,85.65,989,0.0,80,2.667,True,1.0
334.01,80.95,881,4610,0.343,86.67,881,0.0,80,2.667,True,1.0
335.87,69.26,973,4610,0.364,83.27,973,0.0,80,2.667,True,1.0
97.59,96.14,647,4610,0.268,71.92,647,0.0,81,2.7,True,1.0
99.86,86.91,991,4610,0.381,85.7,991,0.0,81,2.7,True,1.0
332.82,81.26,870,4610,0.329,81.67,870,0.0,81,2.7,True,1.0
335.14,68.75,865,4610,0.422,74.27,865,0.0,81,2.7,True,1.0
330.05,81.85,891,4610,0.396,78.24,891,0.0,82,2.733,True,1.0
335.88,66.02,920,4610,0.501,73.87,920,0.0,82,2.733,True,1.0
97.62,96.36,631,4610,0.295,68.16,631,0.0,82,2.733,True,1.0
99.86,86.91,991,4610,0.382,85.63,991,0.0,82,2.733,True,1.0
327.33,82.17,856,4610,0.362,79.53,856,0.0,83,2.767,True,1.0
335.34,64.85,891,4610,0.483,76.16,891,0.0,83,2.767,True,1.0
97.43,96.93,587,4610,0.239,65.72,587,0.0,83,2.767,True,1.0
99.85,86.9,997,4610,0.383,85.94,997,0.0,83,2.767,True,1.0
97.94,97.19,610,4610,0.214,69.93,610,0.0,84,2.8,True,1.0
99.83,86.9,1003,4610,0.384,86.15,1003,0.0,84,2.8,True,1.0
325.83,82.38,894,4610,0.345,77.7,894,0.0,84,2.8,True,1.0
334.66,62.13,879,4610,0.481,69.93,879,0.0,84,2.8,True,1.0
98.09,97.31,647,4610,0.191,71.93,647,0.0,85,2.833,True,1.0
99.83,86.9,1000,4610,0.383,85.72,1000,0.0,85,2.833,True,1.0
323.8,82.79,911,4610,0.367,83.03,911,0.0,85,2.833,True,1.0
333.62,60.68,759,4610,0.427,64.2,759,0.0,85,2.833,True,1.0
321.86,82.74,926,4610,0.369,82.39,926,0.0,86,2.867,True,1.0
331.74,56.25,754,4610,0.455,68.6,754,0.0,86,2.867,True,1.0
97.81,97.66,624,4610,0.173,66.92,624,0.0,86,2.867,True,1.0
99.83,86.9,1000,4610,0.385,85.75,1000,0.0,86,2.867,True,1.0
97.06,98.17,577,4610,0.2,69.38,577,0.0,87,2.9,True,1.0
99.85,86.87,990,4610,0.381,84.65,990,0.0,87,2.9,True,1.0
319.14,82.9,931,4610,0.395,82.66,931,0.0,87,2.9,True,1.0
330.77,55.66,775,4610,0.428,70.04,775,0.0,87,2.9,True,1.0
96.23,98.22,600,4610,0.237,67.88,600,0.0,88,2.933,True,1.0
99.85,86.88,992,4610,0.382,84.42,992,0.0,88,2.933,True,1.0
317.82,82.97,956,4610,0.393,86.11,956,0.0,88,2.933,True,1.0
329.24,54.4,577,4610,0.272,68.55,577,0.0,88,2.933,True,1.0
328.6,54.12,239,4610,0.1,30.6,239,0.0,89,2.967,True,1.0
95.16,98.41,633,4610,0.238,63.55,633,0.0,89,2.967,True,1.0
99.85,86.87,993,4610,0.383,84.39,993,0.0,89,2.967,True,1.0
314.28,82.91,928,4610,0.37,85.74,928,0.0,89,2.967,True,1.0
99.85,86.87,993,4610,0.383,84.62,993,0.0,90,3.0,True,1.0
312.76,82.81,892,4610,0.378,82.96,892,0.0,90,3.0,True,1.0
94.14,98.46,618,4610,0.196,65.04,618,0.0,90,3.0,True,1.0
93.06,98.49,679,4610,0.228,65.81,679,0.0,91,3.033,True,1.0
99.85,86.87,992,4610,0.383,84.51,992,0.0,91,3.033,True,1.0
309.75,82.0,966,4610,0.383,88.32,966,0.0,91,3.033,True,1.0
90.36,98.48,706,4610,0.182,74.53,706,0.0,92,3.067,True,1.0
99.84,86.84,976,4610,0.384,82.5,976,0.0,92,3.067,True,1.0
307.81,81.94,967,4610,0.387,88.4,967,0.0,92,3.067,True,1.0
87.48,98.45,698,4610,0.242,70.94,698,0.0,93,3.1,True,1.0
99.85,86.84,974,4610,0.384,82.61,974,0.0,93,3.1,True,1.0
304.34,81.31,863,4610,0.36,80.34,863,0.0,93,3.1,True,1.0
303.03,81.17,981,4610,0.399,85.52,981,0.0,94,3.133,True,1.0
84.43,98.4,715,4610,0.236,74.45,715,0.0,94,3.133,True,1.0
99.84,86.84,974,4610,0.383,82.5,974,0.0,94,3.133,True,1.0
301.05,80.98,959,4610,0.401,87.52,959,0.0,95,3.167,True,1.0
99.84,86.84,974,4610,0.384,82.37,974,0.0,95,3.167,True,1.0
81.23,98.51,734,4610,0.278,67.61,734,0.0,95,3.167,True,1.0
77.4,98.26,759,4610,0.246,80.1,759,0.0,96,3.2,True,1.0
99.84,86.84,974,4610,0.383,82.44,974,0.0,96,3.2,True,1.0
297.5,80.15,837,4610,0.344,85.11,837,0.0,96,3.2,True,1.0
310.02,29.46,119,4610,0.11,10.35,119,0.0,96,3.2,False,0.0
306.35,29.74,116,4610,0.081,10.17,116,0.0,97,3.233,False,0.0
74.11,98.29,819,4610,0.288,78.11,819,0.0,97,3.233,True,1.0
99.84,86.84,974,4610,0.384,82.37,974,0.0,97,3.233,True,1.0
296.08,79.99,922,4610,0.4,83.68,922,0.0,97,3.233,True,1.0
294.83,79.9,916,4610,0.389,84.12,916,0.0,98,3.267,True,1.0
306.22,29.65,103,4610,0.105,9.57,103,0.0,98,3.267,False,0.0
70.15,98.28,829,4610,0.277,80.16,829,0.0,98,3.267,True,1.0
99.84,86.84,973,4610,0.383,82.47,973,0.0,98,3.267,True,1.0
99.79,86.86,942,4610,0.378,81.17,942,0.0,99,3.3,True,1.0
291.92,79.13,949,4610,0.379,85.89,949,0.0,99,3.3,True,1.0
66.16,98.37,795,4610,0.28,75.11,795,0.0,99,3.3,True,1.0
300.41,29.7,182,4610,0.061,14.82,182,0.0,99,3.3,False,0.0
